#term ID	term description	observed gene count	background gene count	false discovery rate	matching proteins in your network (IDs)	matching proteins in your network (labels)
GO:0002376	immune system process	49	1703	1.0100000000000001e-22	Itgb2,Cfp,Spi1,Hck,Irf5,Hmox1,Cybb,Ctss,Cd5l,Cxcl16,Ccl6,Ccl9,Clec4n,Trem2,Slc11a1,Fcgr1,Tnfrsf1b,Fgr,Tyrobp,Itgax,C1qc,C1qb,Tlr13,C3ar1,C1qa,Pik3ap1,Lcn2,Pld4,Cd300lb,Pirb,Fcgr4,Fcer1g,Emr1,Myo1f,AF251705,Il18bp,Sirpa,Adam8,Csf3r,Cd300lf,Nfam1,Slamf7,Clec7a,Apobec1,Lgals3,Lcp1,Unc93b1,Gpr35,Fcgr3	Itgb2,Cfp,Spi1,Hck,Irf5,Hmox1,Cybb,Ctss,Cd5l,Cxcl16,Ccl6,Ccl9,Clec4n,Trem2,Slc11a1,Fcgr1,Tnfrsf1b,Fgr,Tyrobp,Itgax,C1qc,C1qb,Tlr13,C3ar1,C1qa,Pik3ap1,Lcn2,Pld4,Cd300lb,Pirb,Fcgr4,Fcer1g,Adgre1,Myo1f,Cd300c2,Il18bp,Sirpa,Adam8,Csf3r,Cd300lf,Nfam1,Slamf7,Clec7a,Apobec1,Lgals3,Lcp1,Unc93b1,Gpr35,Fcgr3
GO:0051707	response to other organism	35	1050	5.52e-17	Cfp,Hck,Irf5,Mmp12,Cybb,Cxcl16,Ccl6,Ccl9,Clec4n,Trem2,Slc11a1,Fcgr1,Tnfrsf1b,Fgr,Itgax,Cotl1,Il10ra,C1qc,C1qb,Tlr13,C1qa,Lcn2,Cd300lb,Fcgr4,Fcer1g,Myo1f,Lyz2,Il18bp,Ptges,Slamf7,Clec7a,Apobec1,Lgals3,Unc93b1,Ncf2	Cfp,Hck,Irf5,Mmp12,Cybb,Cxcl16,Ccl6,Ccl9,Clec4n,Trem2,Slc11a1,Fcgr1,Tnfrsf1b,Fgr,Itgax,Cotl1,Il10ra,C1qc,C1qb,Tlr13,C1qa,Lcn2,Cd300lb,Fcgr4,Fcer1g,Myo1f,Lyz2,Il18bp,Ptges,Slamf7,Clec7a,Apobec1,Lgals3,Unc93b1,Ncf2
GO:0006952	defense response	35	1079	6.4e-17	Itgb2,Cfp,Hck,Irf5,Hmox1,Cybb,Cd5l,Cxcl16,Ccl6,Ccl9,Clec4n,Trem2,Slc11a1,Fcgr1,Tnfrsf1b,Fgr,Itgax,Cotl1,C1qc,C1qb,Tlr13,C3ar1,C1qa,Lcn2,Fcer1g,Myo1f,Lyz2,Ptges,Adam8,Slamf7,Clec7a,Apobec1,Lgals3,Unc93b1,Fcgr3	Itgb2,Cfp,Hck,Irf5,Hmox1,Cybb,Cd5l,Cxcl16,Ccl6,Ccl9,Clec4n,Trem2,Slc11a1,Fcgr1,Tnfrsf1b,Fgr,Itgax,Cotl1,C1qc,C1qb,Tlr13,C3ar1,C1qa,Lcn2,Fcer1g,Myo1f,Lyz2,Ptges,Adam8,Slamf7,Clec7a,Apobec1,Lgals3,Unc93b1,Fcgr3
GO:0006955	immune response	32	914	2.69e-16	Cfp,Hck,Irf5,Cybb,Ctss,Cxcl16,Ccl6,Ccl9,Clec4n,Trem2,Slc11a1,Fcgr1,Tnfrsf1b,Fgr,Tyrobp,C1qc,C1qb,Tlr13,C3ar1,C1qa,Lcn2,Pirb,Fcer1g,Emr1,Myo1f,Il18bp,Slamf7,Clec7a,Lgals3,Lcp1,Unc93b1,Fcgr3	Cfp,Hck,Irf5,Cybb,Ctss,Cxcl16,Ccl6,Ccl9,Clec4n,Trem2,Slc11a1,Fcgr1,Tnfrsf1b,Fgr,Tyrobp,C1qc,C1qb,Tlr13,C3ar1,C1qa,Lcn2,Pirb,Fcer1g,Adgre1,Myo1f,Il18bp,Slamf7,Clec7a,Lgals3,Lcp1,Unc93b1,Fcgr3
GO:0009605	response to external stimulus	43	2021	3.77e-15	Itgb2,Cfp,Hck,Irf5,Hmox1,Mmp12,Cybb,Cxcl16,Ccl6,Ccl9,Ctsl,Clec4n,Trem2,Slc11a1,Fcgr1,Tnfrsf1b,Fgr,Itgax,Cotl1,Il10ra,C1qc,C1qb,Tlr13,C3ar1,C1qa,Lcn2,Cd300lb,Fcgr4,Fcer1g,Myo1f,Lyz2,Il18bp,Ptges,Adam8,Csf3r,Slamf7,Clec7a,Apobec1,Lgals3,Unc93b1,Gpr35,Fcgr3,Ncf2	Itgb2,Cfp,Hck,Irf5,Hmox1,Mmp12,Cybb,Cxcl16,Ccl6,Ccl9,Ctsl,Clec4n,Trem2,Slc11a1,Fcgr1,Tnfrsf1b,Fgr,Itgax,Cotl1,Il10ra,C1qc,C1qb,Tlr13,C3ar1,C1qa,Lcn2,Cd300lb,Fcgr4,Fcer1g,Myo1f,Lyz2,Il18bp,Ptges,Adam8,Csf3r,Slamf7,Clec7a,Apobec1,Lgals3,Unc93b1,Gpr35,Fcgr3,Ncf2
GO:0002682	regulation of immune system process	33	1165	2.29e-14	Itgb2,Cfp,Spi1,Hmox1,Mmp12,Vsir,Lgmn,Trem2,Slc11a1,Fcgr1,Fgr,Gpnmb,Tyrobp,Plvap,C1qc,C1qb,Tlr13,C3ar1,C1qa,Pik3ap1,Clec12a,Cd300lb,Fcgr4,Fcer1g,Myo1f,Adam8,Csf3r,Cd300lf,Nfam1,Slamf7,Lgals3,Unc93b1,Fcgr3	Itgb2,Cfp,Spi1,Hmox1,Mmp12,Vsir,Lgmn,Trem2,Slc11a1,Fcgr1,Fgr,Gpnmb,Tyrobp,Plvap,C1qc,C1qb,Tlr13,C3ar1,C1qa,Pik3ap1,Clec12a,Cd300lb,Fcgr4,Fcer1g,Myo1f,Adam8,Csf3r,Cd300lf,Nfam1,Slamf7,Lgals3,Unc93b1,Fcgr3
GO:0098542	defense response to other organism	27	735	5.18e-14	Cfp,Hck,Irf5,Cybb,Cxcl16,Ccl6,Ccl9,Clec4n,Trem2,Slc11a1,Fcgr1,Fgr,Itgax,Cotl1,C1qc,C1qb,Tlr13,C1qa,Lcn2,Fcer1g,Myo1f,Lyz2,Slamf7,Clec7a,Apobec1,Lgals3,Unc93b1	Cfp,Hck,Irf5,Cybb,Cxcl16,Ccl6,Ccl9,Clec4n,Trem2,Slc11a1,Fcgr1,Fgr,Itgax,Cotl1,C1qc,C1qb,Tlr13,C1qa,Lcn2,Fcer1g,Myo1f,Lyz2,Slamf7,Clec7a,Apobec1,Lgals3,Unc93b1
GO:0050776	regulation of immune response	24	635	1.55e-12	Itgb2,Cfp,Hmox1,Mmp12,Vsir,Slc11a1,Fcgr1,Fgr,C1qc,C1qb,Tlr13,C3ar1,C1qa,Pik3ap1,Clec12a,Fcgr4,Fcer1g,Myo1f,Adam8,Cd300lf,Nfam1,Lgals3,Unc93b1,Fcgr3	Itgb2,Cfp,Hmox1,Mmp12,Vsir,Slc11a1,Fcgr1,Fgr,C1qc,C1qb,Tlr13,C3ar1,C1qa,Pik3ap1,Clec12a,Fcgr4,Fcer1g,Myo1f,Adam8,Cd300lf,Nfam1,Lgals3,Unc93b1,Fcgr3
GO:0045087	innate immune response	22	534	4.09e-12	Cfp,Hck,Irf5,Cybb,Cxcl16,Ccl6,Ccl9,Clec4n,Trem2,Slc11a1,Fcgr1,Fgr,C1qc,C1qb,Tlr13,C1qa,Lcn2,Fcer1g,Slamf7,Clec7a,Lgals3,Unc93b1	Cfp,Hck,Irf5,Cybb,Cxcl16,Ccl6,Ccl9,Clec4n,Trem2,Slc11a1,Fcgr1,Fgr,C1qc,C1qb,Tlr13,C1qa,Lcn2,Fcer1g,Slamf7,Clec7a,Lgals3,Unc93b1
GO:0050896	response to stimulus	69	6616	3.8899999999999996e-11	Itgb2,Cfp,Spi1,Tbxas1,Hck,Irf5,Hmox1,Mmp12,Cybb,Ctss,Cd5l,Stac2,Cxcl16,Ccl6,Ccl9,Vsir,Abcc3,Lgmn,Ctsl,Sdf2l1,Clec4n,Trem2,Abcg1,Slc11a1,Fcgr1,Tnfrsf1b,Fgr,Gpnmb,Tyrobp,Itgax,Cotl1,Il10ra,Plvap,C1qc,C1qb,Tlr13,C3ar1,C1qa,Pik3ap1,Lcn2,Cd300lb,Pirb,Fcgr4,Fcer1g,Emr1,Myo1f,Lyz2,Il18bp,Csf2rb,Csf2rb2,Snrpn,Ptges,Adam8,Csf3r,Cd300lf,Rbpr2,Cd68,Nfam1,Slamf7,Clec7a,Vwf,Apobec1,Lgals3,Lcp1,Laptm5,Unc93b1,Gpr35,Fcgr3,Ncf2	Itgb2,Cfp,Spi1,Tbxas1,Hck,Irf5,Hmox1,Mmp12,Cybb,Ctss,Cd5l,Stac2,Cxcl16,Ccl6,Ccl9,Vsir,Abcc3,Lgmn,Ctsl,Sdf2l1,Clec4n,Trem2,Abcg1,Slc11a1,Fcgr1,Tnfrsf1b,Fgr,Gpnmb,Tyrobp,Itgax,Cotl1,Il10ra,Plvap,C1qc,C1qb,Tlr13,C3ar1,C1qa,Pik3ap1,Lcn2,Cd300lb,Pirb,Fcgr4,Fcer1g,Adgre1,Myo1f,Lyz2,Il18bp,Csf2rb,Csf2rb2,Snurf,Ptges,Adam8,Csf3r,Cd300lf,Stra6l,Cd68,Nfam1,Slamf7,Clec7a,Vwf,Apobec1,Lgals3,Lcp1,Laptm5,Unc93b1,Gpr35,Fcgr3,Ncf2
GO:0002684	positive regulation of immune system process	24	771	6.990000000000001e-11	Itgb2,Cfp,Hmox1,Mmp12,Lgmn,Trem2,Slc11a1,Fcgr1,Fgr,Plvap,C1qc,C1qb,Tlr13,C3ar1,C1qa,Pik3ap1,Cd300lb,Fcer1g,Adam8,Cd300lf,Nfam1,Lgals3,Unc93b1,Fcgr3	Itgb2,Cfp,Hmox1,Mmp12,Lgmn,Trem2,Slc11a1,Fcgr1,Fgr,Plvap,C1qc,C1qb,Tlr13,C3ar1,C1qa,Pik3ap1,Cd300lb,Fcer1g,Adam8,Cd300lf,Nfam1,Lgals3,Unc93b1,Fcgr3
GO:0002252	immune effector process	18	395	1.9099999999999999e-10	Cfp,Irf5,Slc11a1,Fcgr1,Tyrobp,Itgax,C1qc,C1qb,C1qa,Cd300lb,Pirb,Fcer1g,Myo1f,Clec7a,Apobec1,Lcp1,Unc93b1,Fcgr3	Cfp,Irf5,Slc11a1,Fcgr1,Tyrobp,Itgax,C1qc,C1qb,C1qa,Cd300lb,Pirb,Fcer1g,Myo1f,Clec7a,Apobec1,Lcp1,Unc93b1,Fcgr3
GO:0051704	multi-organism process	37	2092	2.0500000000000002e-10	Cfp,Hck,Irf5,Mmp12,Cybb,Cxcl16,Ccl6,Ccl9,Ctsl,Clec4n,Trem2,Slc11a1,Fcgr1,Tnfrsf1b,Fgr,Itgax,Cotl1,Il10ra,C1qc,C1qb,Tlr13,C1qa,Lcn2,Cd300lb,Fcgr4,Fcer1g,Myo1f,Lyz2,Il18bp,Ptges,Cd300lf,Slamf7,Clec7a,Apobec1,Lgals3,Unc93b1,Ncf2	Cfp,Hck,Irf5,Mmp12,Cybb,Cxcl16,Ccl6,Ccl9,Ctsl,Clec4n,Trem2,Slc11a1,Fcgr1,Tnfrsf1b,Fgr,Itgax,Cotl1,Il10ra,C1qc,C1qb,Tlr13,C1qa,Lcn2,Cd300lb,Fcgr4,Fcer1g,Myo1f,Lyz2,Il18bp,Ptges,Cd300lf,Slamf7,Clec7a,Apobec1,Lgals3,Unc93b1,Ncf2
GO:0050778	positive regulation of immune response	18	438	8.73e-10	Itgb2,Cfp,Mmp12,Slc11a1,Fcgr1,Fgr,C1qc,C1qb,Tlr13,C3ar1,C1qa,Pik3ap1,Fcer1g,Adam8,Cd300lf,Nfam1,Unc93b1,Fcgr3	Itgb2,Cfp,Mmp12,Slc11a1,Fcgr1,Fgr,C1qc,C1qb,Tlr13,C3ar1,C1qa,Pik3ap1,Fcer1g,Adam8,Cd300lf,Nfam1,Unc93b1,Fcgr3
GO:0006950	response to stress	42	2899	2.0100000000000003e-09	Itgb2,Cfp,Hck,Irf5,Hmox1,Mmp12,Cybb,Cd5l,Cxcl16,Ccl6,Ccl9,Ctsl,Sdf2l1,Clec4n,Trem2,Slc11a1,Fcgr1,Tnfrsf1b,Fgr,Itgax,Cotl1,C1qc,C1qb,Tlr13,C3ar1,C1qa,Lcn2,Fcgr4,Fcer1g,Myo1f,Lyz2,Il18bp,Ptges,Adam8,Slamf7,Clec7a,Vwf,Apobec1,Lgals3,Lcp1,Unc93b1,Fcgr3	Itgb2,Cfp,Hck,Irf5,Hmox1,Mmp12,Cybb,Cd5l,Cxcl16,Ccl6,Ccl9,Ctsl,Sdf2l1,Clec4n,Trem2,Slc11a1,Fcgr1,Tnfrsf1b,Fgr,Itgax,Cotl1,C1qc,C1qb,Tlr13,C3ar1,C1qa,Lcn2,Fcgr4,Fcer1g,Myo1f,Lyz2,Il18bp,Ptges,Adam8,Slamf7,Clec7a,Vwf,Apobec1,Lgals3,Lcp1,Unc93b1,Fcgr3
GO:0002250	adaptive immune response	14	260	7e-09	Clec4n,Slc11a1,Fcgr1,C1qc,C1qb,C3ar1,C1qa,Pirb,Fcer1g,Emr1,Il18bp,Slamf7,Unc93b1,Fcgr3	Clec4n,Slc11a1,Fcgr1,C1qc,C1qb,C3ar1,C1qa,Pirb,Fcer1g,Adgre1,Il18bp,Slamf7,Unc93b1,Fcgr3
GO:0006954	inflammatory response	17	454	1.2e-08	Itgb2,Hck,Hmox1,Cybb,Cd5l,Ccl6,Ccl9,Slc11a1,Fcgr1,Tnfrsf1b,Tlr13,C3ar1,Fcer1g,Ptges,Adam8,Clec7a,Fcgr3	Itgb2,Hck,Hmox1,Cybb,Cd5l,Ccl6,Ccl9,Slc11a1,Fcgr1,Tnfrsf1b,Tlr13,C3ar1,Fcer1g,Ptges,Adam8,Clec7a,Fcgr3
GO:0009617	response to bacterium	18	566	3.94e-08	Hck,Irf5,Cxcl16,Trem2,Slc11a1,Fcgr1,Tnfrsf1b,Fgr,Il10ra,Lcn2,Cd300lb,Fcgr4,Fcer1g,Myo1f,Lyz2,Il18bp,Ptges,Ncf2	Hck,Irf5,Cxcl16,Trem2,Slc11a1,Fcgr1,Tnfrsf1b,Fgr,Il10ra,Lcn2,Cd300lb,Fcgr4,Fcer1g,Myo1f,Lyz2,Il18bp,Ptges,Ncf2
GO:0030595	leukocyte chemotaxis	10	114	4.55e-08	Itgb2,Cxcl16,Ccl6,Ccl9,Fcer1g,Adam8,Csf3r,Lgals3,Gpr35,Fcgr3	Itgb2,Cxcl16,Ccl6,Ccl9,Fcer1g,Adam8,Csf3r,Lgals3,Gpr35,Fcgr3
GO:0042221	response to chemical	44	3532	5.67e-08	Itgb2,Spi1,Tbxas1,Irf5,Hmox1,Cybb,Cxcl16,Ccl6,Ccl9,Vsir,Abcc3,Lgmn,Ctsl,Sdf2l1,Trem2,Abcg1,Slc11a1,Tnfrsf1b,Il10ra,Plvap,C3ar1,C1qa,Lcn2,Cd300lb,Pirb,Fcgr4,Fcer1g,Il18bp,Csf2rb,Csf2rb2,Snrpn,Ptges,Adam8,Csf3r,Cd300lf,Rbpr2,Cd68,Clec7a,Apobec1,Lgals3,Laptm5,Gpr35,Fcgr3,Ncf2	Itgb2,Spi1,Tbxas1,Irf5,Hmox1,Cybb,Cxcl16,Ccl6,Ccl9,Vsir,Abcc3,Lgmn,Ctsl,Sdf2l1,Trem2,Abcg1,Slc11a1,Tnfrsf1b,Il10ra,Plvap,C3ar1,C1qa,Lcn2,Cd300lb,Pirb,Fcgr4,Fcer1g,Il18bp,Csf2rb,Csf2rb2,Snurf,Ptges,Adam8,Csf3r,Cd300lf,Stra6l,Cd68,Clec7a,Apobec1,Lgals3,Laptm5,Gpr35,Fcgr3,Ncf2
GO:0006909	phagocytosis	10	118	5.68e-08	Itgb2,Hck,Trem2,Slc11a1,Fcgr1,Pld4,Fcer1g,Sirpa,Fcgr3,Ncf2	Itgb2,Hck,Trem2,Slc11a1,Fcgr1,Pld4,Fcer1g,Sirpa,Fcgr3,Ncf2
GO:0010033	response to organic substance	36	2553	1.58e-07	Itgb2,Spi1,Tbxas1,Irf5,Cybb,Cxcl16,Ccl6,Ccl9,Vsir,Lgmn,Ctsl,Sdf2l1,Trem2,Abcg1,Slc11a1,Tnfrsf1b,Il10ra,Plvap,Lcn2,Cd300lb,Pirb,Fcgr4,Fcer1g,Il18bp,Csf2rb,Csf2rb2,Snrpn,Ptges,Csf3r,Cd300lf,Cd68,Clec7a,Apobec1,Laptm5,Gpr35,Ncf2	Itgb2,Spi1,Tbxas1,Irf5,Cybb,Cxcl16,Ccl6,Ccl9,Vsir,Lgmn,Ctsl,Sdf2l1,Trem2,Abcg1,Slc11a1,Tnfrsf1b,Il10ra,Plvap,Lcn2,Cd300lb,Pirb,Fcgr4,Fcer1g,Il18bp,Csf2rb,Csf2rb2,Snurf,Ptges,Csf3r,Cd300lf,Cd68,Clec7a,Apobec1,Laptm5,Gpr35,Ncf2
GO:0002460	adaptive immune response based on somatic recombination of immune receptors built from immunoglobulin superfamily domains	10	141	2.63e-07	Slc11a1,Fcgr1,C1qc,C1qb,C3ar1,C1qa,Pirb,Fcer1g,Il18bp,Fcgr3	Slc11a1,Fcgr1,C1qc,C1qb,C3ar1,C1qa,Pirb,Fcer1g,Il18bp,Fcgr3
GO:0048518	positive regulation of biological process	54	5340	3.5899999999999997e-07	Itgb2,Cfp,Spi1,Tbxas1,Hck,Cyp4f18,Irf5,Hmox1,Mmp12,Cybb,Ctss,Ctsz,Stac2,Cxcl16,Ccl6,Ccl9,Vsir,Lgmn,Clec4n,Trem2,Abcg1,Slc11a1,Siglec1,Fcgr1,Tnfrsf1b,Fgr,Gpnmb,Plvap,C1qc,C1qb,Tlr13,C3ar1,C1qa,Pik3ap1,Lcn2,Pltp,Cemip,Cd300lb,Pirb,Fcgr4,Fcer1g,Myo1f,AF251705,Sirpa,Adam8,Cd300lf,Nfam1,Apobec1,Lgals3,Lcp1,Unc93b1,Gpr35,Fcgr3,Ncf2	Itgb2,Cfp,Spi1,Tbxas1,Hck,Cyp4f18,Irf5,Hmox1,Mmp12,Cybb,Ctss,Ctsz,Stac2,Cxcl16,Ccl6,Ccl9,Vsir,Lgmn,Clec4n,Trem2,Abcg1,Slc11a1,Siglec1,Fcgr1,Tnfrsf1b,Fgr,Gpnmb,Plvap,C1qc,C1qb,Tlr13,C3ar1,C1qa,Pik3ap1,Lcn2,Pltp,Cemip,Cd300lb,Pirb,Fcgr4,Fcer1g,Myo1f,Cd300c2,Sirpa,Adam8,Cd300lf,Nfam1,Apobec1,Lgals3,Lcp1,Unc93b1,Gpr35,Fcgr3,Ncf2
GO:0019221	cytokine-mediated signaling pathway	13	313	4.77e-07	Irf5,Ccl6,Ccl9,Tnfrsf1b,Il10ra,Plvap,Pirb,Fcer1g,Csf2rb,Csf2rb2,Csf3r,Cd300lf,Gpr35	Irf5,Ccl6,Ccl9,Tnfrsf1b,Il10ra,Plvap,Pirb,Fcer1g,Csf2rb,Csf2rb2,Csf3r,Cd300lf,Gpr35
GO:0070887	cellular response to chemical stimulus	33	2287	4.78e-07	Itgb2,Spi1,Irf5,Hmox1,Cybb,Cxcl16,Ccl6,Ccl9,Vsir,Lgmn,Sdf2l1,Trem2,Tnfrsf1b,Il10ra,Plvap,Lcn2,Cd300lb,Pirb,Fcgr4,Fcer1g,Il18bp,Csf2rb,Csf2rb2,Adam8,Csf3r,Cd300lf,Cd68,Apobec1,Lgals3,Laptm5,Gpr35,Fcgr3,Ncf2	Itgb2,Spi1,Irf5,Hmox1,Cybb,Cxcl16,Ccl6,Ccl9,Vsir,Lgmn,Sdf2l1,Trem2,Tnfrsf1b,Il10ra,Plvap,Lcn2,Cd300lb,Pirb,Fcgr4,Fcer1g,Il18bp,Csf2rb,Csf2rb2,Adam8,Csf3r,Cd300lf,Cd68,Apobec1,Lgals3,Laptm5,Gpr35,Fcgr3,Ncf2
GO:0002443	leukocyte mediated immunity	10	158	6.36e-07	Slc11a1,Fcgr1,C1qc,C1qb,C1qa,Cd300lb,Pirb,Fcer1g,Myo1f,Fcgr3	Slc11a1,Fcgr1,C1qc,C1qb,C1qa,Cd300lb,Pirb,Fcer1g,Myo1f,Fcgr3
GO:0034097	response to cytokine	19	792	7.27e-07	Irf5,Cxcl16,Ccl6,Ccl9,Slc11a1,Tnfrsf1b,Il10ra,Plvap,Lcn2,Pirb,Fcer1g,Il18bp,Csf2rb,Csf2rb2,Ptges,Csf3r,Cd300lf,Laptm5,Gpr35	Irf5,Cxcl16,Ccl6,Ccl9,Slc11a1,Tnfrsf1b,Il10ra,Plvap,Lcn2,Pirb,Fcer1g,Il18bp,Csf2rb,Csf2rb2,Ptges,Csf3r,Cd300lf,Laptm5,Gpr35
GO:0050764	regulation of phagocytosis	8	80	7.27e-07	Hck,Slc11a1,Fcgr1,Fgr,Fcer1g,Sirpa,Cd300lf,Fcgr3	Hck,Slc11a1,Fcgr1,Fgr,Fcer1g,Sirpa,Cd300lf,Fcgr3
GO:0002253	activation of immune response	11	221	1.08e-06	Cfp,C1qc,C1qb,Tlr13,C3ar1,C1qa,Pik3ap1,Fcer1g,Cd300lf,Nfam1,Unc93b1	Cfp,C1qc,C1qb,Tlr13,C3ar1,C1qa,Pik3ap1,Fcer1g,Cd300lf,Nfam1,Unc93b1
GO:0006897	endocytosis	14	424	1.57e-06	Itgb2,Hck,Cd5l,Cxcl16,Trem2,Slc11a1,Siglec1,Fcgr1,Lgals3bp,Pld4,Fcer1g,Sirpa,Fcgr3,Ncf2	Itgb2,Hck,Cd5l,Cxcl16,Trem2,Slc11a1,Siglec1,Fcgr1,Lgals3bp,Pld4,Fcer1g,Sirpa,Fcgr3,Ncf2
GO:0007166	cell surface receptor signaling pathway	27	1683	1.62e-06	Itgb2,Hck,Irf5,Ccl6,Ccl9,Vsir,Trem2,Fcgr1,Tnfrsf1b,Fgr,Tyrobp,Itgax,Il10ra,Plvap,C3ar1,Lcn2,Pirb,Fcgr4,Fcer1g,Emr1,Csf2rb,Csf2rb2,Csf3r,Cd300lf,Nfam1,Gpr35,Fcgr3	Itgb2,Hck,Irf5,Ccl6,Ccl9,Vsir,Trem2,Fcgr1,Tnfrsf1b,Fgr,Tyrobp,Itgax,Il10ra,Plvap,C3ar1,Lcn2,Pirb,Fcgr4,Fcer1g,Adgre1,Csf2rb,Csf2rb2,Csf3r,Cd300lf,Nfam1,Gpr35,Fcgr3
GO:0030593	neutrophil chemotaxis	7	58	1.62e-06	Itgb2,Ccl6,Ccl9,Fcer1g,Csf3r,Lgals3,Fcgr3	Itgb2,Ccl6,Ccl9,Fcer1g,Csf3r,Lgals3,Fcgr3
GO:0032879	regulation of localization	34	2579	1.86e-06	Itgb2,Hck,Cyp4f18,Hmox1,Mmp12,Cybb,Ctss,Stac2,Cxcl16,Lgmn,Clec4n,Trem2,Abcg1,Slc11a1,Fcgr1,Tnfrsf1b,Fgr,Gpnmb,Plvap,C3ar1,Pltp,Cemip,Sdc3,Fcer1g,Myo1f,AF251705,Sirpa,Adam8,Cd300lf,Lgals3,Lcp1,Unc93b1,Gpr35,Fcgr3	Itgb2,Hck,Cyp4f18,Hmox1,Mmp12,Cybb,Ctss,Stac2,Cxcl16,Lgmn,Clec4n,Trem2,Abcg1,Slc11a1,Fcgr1,Tnfrsf1b,Fgr,Gpnmb,Plvap,C3ar1,Pltp,Cemip,Sdc3,Fcer1g,Myo1f,Cd300c2,Sirpa,Adam8,Cd300lf,Lgals3,Lcp1,Unc93b1,Gpr35,Fcgr3
GO:0002764	immune response-regulating signaling pathway	10	184	1.91e-06	Fcgr1,Tlr13,C3ar1,Pik3ap1,Fcgr4,Fcer1g,Cd300lf,Nfam1,Unc93b1,Fcgr3	Fcgr1,Tlr13,C3ar1,Pik3ap1,Fcgr4,Fcer1g,Cd300lf,Nfam1,Unc93b1,Fcgr3
GO:0006911	phagocytosis, engulfment	6	34	1.91e-06	Itgb2,Trem2,Fcgr1,Fcer1g,Sirpa,Fcgr3	Itgb2,Trem2,Fcgr1,Fcer1g,Sirpa,Fcgr3
GO:0048002	antigen processing and presentation of peptide antigen	6	34	1.91e-06	Ctss,Slc11a1,Fcgr1,Fcer1g,Unc93b1,Fcgr3	Ctss,Slc11a1,Fcgr1,Fcer1g,Unc93b1,Fcgr3
GO:0051716	cellular response to stimulus	51	5142	1.91e-06	Itgb2,Spi1,Hck,Irf5,Hmox1,Cybb,Stac2,Cxcl16,Ccl6,Ccl9,Vsir,Lgmn,Ctsl,Sdf2l1,Trem2,Abcg1,Slc11a1,Fcgr1,Tnfrsf1b,Fgr,Gpnmb,Tyrobp,Itgax,Il10ra,Plvap,Tlr13,C3ar1,Pik3ap1,Lcn2,Cd300lb,Pirb,Fcgr4,Fcer1g,Emr1,Il18bp,Csf2rb,Csf2rb2,Adam8,Csf3r,Cd300lf,Cd68,Nfam1,Clec7a,Apobec1,Lgals3,Lcp1,Laptm5,Unc93b1,Gpr35,Fcgr3,Ncf2	Itgb2,Spi1,Hck,Irf5,Hmox1,Cybb,Stac2,Cxcl16,Ccl6,Ccl9,Vsir,Lgmn,Ctsl,Sdf2l1,Trem2,Abcg1,Slc11a1,Fcgr1,Tnfrsf1b,Fgr,Gpnmb,Tyrobp,Itgax,Il10ra,Plvap,Tlr13,C3ar1,Pik3ap1,Lcn2,Cd300lb,Pirb,Fcgr4,Fcer1g,Adgre1,Il18bp,Csf2rb,Csf2rb2,Adam8,Csf3r,Cd300lf,Cd68,Nfam1,Clec7a,Apobec1,Lgals3,Lcp1,Laptm5,Unc93b1,Gpr35,Fcgr3,Ncf2
GO:0098657	import into cell	15	516	1.93e-06	Itgb2,Hck,Cd5l,Cxcl16,Trem2,Slc11a1,Siglec1,Fcgr1,Lgals3bp,Lcn2,Pld4,Fcer1g,Sirpa,Fcgr3,Ncf2	Itgb2,Hck,Cd5l,Cxcl16,Trem2,Slc11a1,Siglec1,Fcgr1,Lgals3bp,Lcn2,Pld4,Fcer1g,Sirpa,Fcgr3,Ncf2
GO:0097529	myeloid leukocyte migration	8	98	2.17e-06	Itgb2,Ccl6,Ccl9,Fcer1g,Csf3r,Lgals3,Gpr35,Fcgr3	Itgb2,Ccl6,Ccl9,Fcer1g,Csf3r,Lgals3,Gpr35,Fcgr3
GO:0071310	cellular response to organic substance	28	1858	2.42e-06	Spi1,Irf5,Cybb,Cxcl16,Ccl6,Ccl9,Vsir,Lgmn,Sdf2l1,Trem2,Tnfrsf1b,Il10ra,Plvap,Lcn2,Cd300lb,Pirb,Fcgr4,Fcer1g,Il18bp,Csf2rb,Csf2rb2,Csf3r,Cd300lf,Cd68,Apobec1,Laptm5,Gpr35,Ncf2	Spi1,Irf5,Cybb,Cxcl16,Ccl6,Ccl9,Vsir,Lgmn,Sdf2l1,Trem2,Tnfrsf1b,Il10ra,Plvap,Lcn2,Cd300lb,Pirb,Fcgr4,Fcer1g,Il18bp,Csf2rb,Csf2rb2,Csf3r,Cd300lf,Cd68,Apobec1,Laptm5,Gpr35,Ncf2
GO:0002237	response to molecule of bacterial origin	12	315	2.71e-06	Irf5,Cxcl16,Trem2,Slc11a1,Tnfrsf1b,Il10ra,Lcn2,Cd300lb,Fcgr4,Il18bp,Ptges,Ncf2	Irf5,Cxcl16,Trem2,Slc11a1,Tnfrsf1b,Il10ra,Lcn2,Cd300lb,Fcgr4,Il18bp,Ptges,Ncf2
GO:0048584	positive regulation of response to stimulus	28	1922	4.49e-06	Itgb2,Cfp,Mmp12,Ctss,Ccl6,Ccl9,Vsir,Lgmn,Clec4n,Trem2,Slc11a1,Siglec1,Fcgr1,Fgr,Gpnmb,C1qc,C1qb,Tlr13,C3ar1,C1qa,Pik3ap1,Fcer1g,Adam8,Cd300lf,Nfam1,Unc93b1,Gpr35,Fcgr3	Itgb2,Cfp,Mmp12,Ctss,Ccl6,Ccl9,Vsir,Lgmn,Clec4n,Trem2,Slc11a1,Siglec1,Fcgr1,Fgr,Gpnmb,C1qc,C1qb,Tlr13,C3ar1,C1qa,Pik3ap1,Fcer1g,Adam8,Cd300lf,Nfam1,Unc93b1,Gpr35,Fcgr3
GO:0002274	myeloid leukocyte activation	8	114	5.6e-06	Spi1,Slc11a1,Tyrobp,Pirb,Fcgr4,Fcer1g,Myo1f,Fcgr3	Spi1,Slc11a1,Tyrobp,Pirb,Fcgr4,Fcer1g,Myo1f,Fcgr3
GO:0019724	B cell mediated immunity	7	75	5.62e-06	Fcgr1,C1qc,C1qb,C1qa,Pirb,Fcer1g,Fcgr3	Fcgr1,C1qc,C1qb,C1qa,Pirb,Fcer1g,Fcgr3
GO:0002449	lymphocyte mediated immunity	8	120	7.66e-06	Slc11a1,Fcgr1,C1qc,C1qb,C1qa,Pirb,Fcer1g,Fcgr3	Slc11a1,Fcgr1,C1qc,C1qb,C1qa,Pirb,Fcer1g,Fcgr3
GO:0071345	cellular response to cytokine stimulus	16	676	7.98e-06	Irf5,Ccl6,Ccl9,Tnfrsf1b,Il10ra,Plvap,Lcn2,Pirb,Fcer1g,Il18bp,Csf2rb,Csf2rb2,Csf3r,Cd300lf,Laptm5,Gpr35	Irf5,Ccl6,Ccl9,Tnfrsf1b,Il10ra,Plvap,Lcn2,Pirb,Fcer1g,Il18bp,Csf2rb,Csf2rb2,Csf3r,Cd300lf,Laptm5,Gpr35
GO:0001817	regulation of cytokine production	15	592	8.39e-06	Hmox1,Mmp12,Cybb,Vsir,Clec4n,Slc11a1,Fgr,Gpnmb,C3ar1,Fcer1g,AF251705,Adam8,Nfam1,Unc93b1,Fcgr3	Hmox1,Mmp12,Cybb,Vsir,Clec4n,Slc11a1,Fgr,Gpnmb,C3ar1,Fcer1g,Cd300c2,Adam8,Nfam1,Unc93b1,Fcgr3
GO:0032496	response to lipopolysaccharide	11	298	1.09e-05	Cxcl16,Trem2,Slc11a1,Tnfrsf1b,Il10ra,Lcn2,Cd300lb,Fcgr4,Il18bp,Ptges,Ncf2	Cxcl16,Trem2,Slc11a1,Tnfrsf1b,Il10ra,Lcn2,Cd300lb,Fcgr4,Il18bp,Ptges,Ncf2
GO:0051050	positive regulation of transport	19	987	1.11e-05	Itgb2,Cyp4f18,Mmp12,Ctss,Stac2,Clec4n,Abcg1,Slc11a1,Fcgr1,Fgr,Pltp,Cemip,Fcer1g,AF251705,Sirpa,Cd300lf,Lgals3,Unc93b1,Fcgr3	Itgb2,Cyp4f18,Mmp12,Ctss,Stac2,Clec4n,Abcg1,Slc11a1,Fcgr1,Fgr,Pltp,Cemip,Fcer1g,Cd300c2,Sirpa,Cd300lf,Lgals3,Unc93b1,Fcgr3
GO:0002886	regulation of myeloid leukocyte mediated immunity	6	53	1.3800000000000002e-05	Itgb2,Hmox1,Fcgr1,Fgr,Fcer1g,Fcgr3	Itgb2,Hmox1,Fcgr1,Fgr,Fcer1g,Fcgr3
GO:0001819	positive regulation of cytokine production	12	383	1.59e-05	Mmp12,Cybb,Clec4n,Slc11a1,Fgr,C3ar1,Fcer1g,AF251705,Adam8,Nfam1,Unc93b1,Fcgr3	Mmp12,Cybb,Clec4n,Slc11a1,Fgr,C3ar1,Fcer1g,Cd300c2,Adam8,Nfam1,Unc93b1,Fcgr3
GO:0038094	Fc-gamma receptor signaling pathway	4	10	1.65e-05	Fcgr1,Fcgr4,Fcer1g,Fcgr3	Fcgr1,Fcgr4,Fcer1g,Fcgr3
GO:0050766	positive regulation of phagocytosis	6	56	1.7800000000000002e-05	Slc11a1,Fcgr1,Fcer1g,Sirpa,Cd300lf,Fcgr3	Slc11a1,Fcgr1,Fcer1g,Sirpa,Cd300lf,Fcgr3
GO:0032103	positive regulation of response to external stimulus	12	402	2.49e-05	Mmp12,Ctss,Lgmn,Fcgr1,Tlr13,C3ar1,Pik3ap1,Fcer1g,Adam8,Cd300lf,Unc93b1,Fcgr3	Mmp12,Ctss,Lgmn,Fcgr1,Tlr13,C3ar1,Pik3ap1,Fcer1g,Adam8,Cd300lf,Unc93b1,Fcgr3
GO:0002888	positive regulation of myeloid leukocyte mediated immunity	5	32	2.9199999999999998e-05	Itgb2,Fcgr1,Fgr,Fcer1g,Fcgr3	Itgb2,Fcgr1,Fgr,Fcer1g,Fcgr3
GO:0031349	positive regulation of defense response	10	268	3.09e-05	Mmp12,Ctss,Fcgr1,Tlr13,Pik3ap1,Fcer1g,Adam8,Cd300lf,Unc93b1,Fcgr3	Mmp12,Ctss,Fcgr1,Tlr13,Pik3ap1,Fcer1g,Adam8,Cd300lf,Unc93b1,Fcgr3
GO:0051049	regulation of transport	25	1782	3.6700000000000004e-05	Itgb2,Hck,Cyp4f18,Hmox1,Mmp12,Cybb,Ctss,Stac2,Clec4n,Abcg1,Slc11a1,Fcgr1,Tnfrsf1b,Fgr,Pltp,Cemip,Fcer1g,AF251705,Sirpa,Cd300lf,Lgals3,Lcp1,Unc93b1,Gpr35,Fcgr3	Itgb2,Hck,Cyp4f18,Hmox1,Mmp12,Cybb,Ctss,Stac2,Clec4n,Abcg1,Slc11a1,Fcgr1,Tnfrsf1b,Fgr,Pltp,Cemip,Fcer1g,Cd300c2,Sirpa,Cd300lf,Lgals3,Lcp1,Unc93b1,Gpr35,Fcgr3
GO:0002573	myeloid leukocyte differentiation	7	113	5.6999999999999996e-05	Spi1,Trem2,Tyrobp,Pirb,Fcer1g,Adam8,Cd300lf	Spi1,Trem2,Tyrobp,Pirb,Fcer1g,Adam8,Cd300lf
GO:0016064	immunoglobulin mediated immune response	6	73	6.759999999999999e-05	Fcgr1,C1qc,C1qb,C1qa,Fcer1g,Fcgr3	Fcgr1,C1qc,C1qb,C1qa,Fcer1g,Fcgr3
GO:0031347	regulation of defense response	13	538	7.329999999999999e-05	Mmp12,Ctss,Fcgr1,Tnfrsf1b,Fgr,Tlr13,Pik3ap1,Fcer1g,Myo1f,Adam8,Cd300lf,Unc93b1,Fcgr3	Mmp12,Ctss,Fcgr1,Tnfrsf1b,Fgr,Tlr13,Pik3ap1,Fcer1g,Myo1f,Adam8,Cd300lf,Unc93b1,Fcgr3
GO:0048583	regulation of response to stimulus	37	3552	7.329999999999999e-05	Itgb2,Cfp,Hmox1,Mmp12,Ctss,Cxcl16,Ccl6,Ccl9,Vsir,Lgmn,Clec4n,Trem2,Slc11a1,Siglec1,Fcgr1,Tnfrsf1b,Fgr,Gpnmb,C1qc,C1qb,Tlr13,C3ar1,C1qa,Hk3,Pik3ap1,Clec12a,Fcgr4,Fcer1g,Myo1f,Il18bp,Adam8,Cd300lf,Nfam1,Lgals3,Unc93b1,Gpr35,Fcgr3	Itgb2,Cfp,Hmox1,Mmp12,Ctss,Cxcl16,Ccl6,Ccl9,Vsir,Lgmn,Clec4n,Trem2,Slc11a1,Siglec1,Fcgr1,Tnfrsf1b,Fgr,Gpnmb,C1qc,C1qb,Tlr13,C3ar1,C1qa,Hk3,Pik3ap1,Clec12a,Fcgr4,Fcer1g,Myo1f,Il18bp,Adam8,Cd300lf,Nfam1,Lgals3,Unc93b1,Gpr35,Fcgr3
GO:0045321	leukocyte activation	12	464	9.159999999999999e-05	Itgb2,Spi1,Slc11a1,Tyrobp,Pirb,Fcgr4,Fcer1g,Myo1f,Nfam1,Clec7a,Lcp1,Fcgr3	Itgb2,Spi1,Slc11a1,Tyrobp,Pirb,Fcgr4,Fcer1g,Myo1f,Nfam1,Clec7a,Lcp1,Fcgr3
GO:0001775	cell activation	13	552	9.32e-05	Itgb2,Spi1,Slc11a1,Tyrobp,Pirb,Fcgr4,Fcer1g,Myo1f,Nfam1,Clec7a,Vwf,Lcp1,Fcgr3	Itgb2,Spi1,Slc11a1,Tyrobp,Pirb,Fcgr4,Fcer1g,Myo1f,Nfam1,Clec7a,Vwf,Lcp1,Fcgr3
GO:0007165	signal transduction	37	3594	9.32e-05	Itgb2,Hck,Irf5,Hmox1,Cybb,Stac2,Ccl6,Ccl9,Vsir,Trem2,Slc11a1,Fcgr1,Tnfrsf1b,Fgr,Gpnmb,Tyrobp,Itgax,Il10ra,Plvap,Tlr13,C3ar1,Pik3ap1,Lcn2,Pirb,Fcgr4,Fcer1g,Emr1,Csf2rb,Csf2rb2,Csf3r,Cd300lf,Nfam1,Lgals3,Lcp1,Unc93b1,Gpr35,Fcgr3	Itgb2,Hck,Irf5,Hmox1,Cybb,Stac2,Ccl6,Ccl9,Vsir,Trem2,Slc11a1,Fcgr1,Tnfrsf1b,Fgr,Gpnmb,Tyrobp,Itgax,Il10ra,Plvap,Tlr13,C3ar1,Pik3ap1,Lcn2,Pirb,Fcgr4,Fcer1g,Adgre1,Csf2rb,Csf2rb2,Csf3r,Cd300lf,Nfam1,Lgals3,Lcp1,Unc93b1,Gpr35,Fcgr3
GO:0001798	positive regulation of type IIa hypersensitivity	3	4	0.0001	Fcgr1,Fcer1g,Fcgr3	Fcgr1,Fcer1g,Fcgr3
GO:0001805	positive regulation of type III hypersensitivity	3	4	0.0001	Fcgr1,Fcer1g,Fcgr3	Fcgr1,Fcer1g,Fcgr3
GO:0002694	regulation of leukocyte activation	12	479	0.00011	Itgb2,Hmox1,Vsir,Fgr,Gpnmb,Cd300lb,Fcer1g,Adam8,Cd300lf,Nfam1,Slamf7,Lgals3	Itgb2,Hmox1,Vsir,Fgr,Gpnmb,Cd300lb,Fcer1g,Adam8,Cd300lf,Nfam1,Slamf7,Lgals3
GO:0016477	cell migration	15	758	0.00011	Itgb2,Hck,Mmp12,Cxcl16,Ccl6,Ccl9,Sdc3,Fcer1g,Sirpa,Adam8,Csf3r,Lgals3,Lcp1,Gpr35,Fcgr3	Itgb2,Hck,Mmp12,Cxcl16,Ccl6,Ccl9,Sdc3,Fcer1g,Sirpa,Adam8,Csf3r,Lgals3,Lcp1,Gpr35,Fcgr3
GO:0030100	regulation of endocytosis	9	248	0.00011	Hck,Slc11a1,Fcgr1,Fgr,Fcer1g,Sirpa,Cd300lf,Lgals3,Fcgr3	Hck,Slc11a1,Fcgr1,Fgr,Fcer1g,Sirpa,Cd300lf,Lgals3,Fcgr3
GO:0030316	osteoclast differentiation	5	45	0.00011	Trem2,Tyrobp,Fcer1g,Adam8,Cd300lf	Trem2,Tyrobp,Fcer1g,Adam8,Cd300lf
GO:0048870	cell motility	16	862	0.00011	Itgb2,Hck,Mmp12,Cxcl16,Ccl6,Ccl9,Pltp,Sdc3,Fcer1g,Sirpa,Adam8,Csf3r,Lgals3,Lcp1,Gpr35,Fcgr3	Itgb2,Hck,Mmp12,Cxcl16,Ccl6,Ccl9,Pltp,Sdc3,Fcer1g,Sirpa,Adam8,Csf3r,Lgals3,Lcp1,Gpr35,Fcgr3
GO:0050789	regulation of biological process	70	9594	0.00011	Itgb2,Cfp,Spi1,Tbxas1,Hck,Cyp4f18,Irf5,Hmox1,Mmp12,Cybb,Ctss,Ctsz,Stac2,Cxcl16,Ccl6,Ccl9,Vsir,Lgmn,Ctsl,Sdf2l1,Clec4n,Trem2,Abcg1,Slc11a1,Siglec1,Fcgr1,Tnfrsf1b,Fgr,Gpnmb,Tyrobp,Itgax,Il10ra,Plvap,C1qc,C1qb,Tlr13,C3ar1,C1qa,Hk3,Pik3ap1,Pgp,Lcn2,Pltp,Cemip,Clec12a,Sdc3,Cd300lb,Pirb,Fcgr4,Fcer1g,Emr1,Myo1f,AF251705,Il18bp,Csf2rb,Csf2rb2,Sirpa,Ptges,Adam8,Csf3r,Cd300lf,Nfam1,Slamf7,Apobec1,Lgals3,Lcp1,Unc93b1,Gpr35,Fcgr3,Ncf2	Itgb2,Cfp,Spi1,Tbxas1,Hck,Cyp4f18,Irf5,Hmox1,Mmp12,Cybb,Ctss,Ctsz,Stac2,Cxcl16,Ccl6,Ccl9,Vsir,Lgmn,Ctsl,Sdf2l1,Clec4n,Trem2,Abcg1,Slc11a1,Siglec1,Fcgr1,Tnfrsf1b,Fgr,Gpnmb,Tyrobp,Itgax,Il10ra,Plvap,C1qc,C1qb,Tlr13,C3ar1,C1qa,Hk3,Pik3ap1,Pgp,Lcn2,Pltp,Cemip,Clec12a,Sdc3,Cd300lb,Pirb,Fcgr4,Fcer1g,Adgre1,Myo1f,Cd300c2,Il18bp,Csf2rb,Csf2rb2,Sirpa,Ptges,Adam8,Csf3r,Cd300lf,Nfam1,Slamf7,Apobec1,Lgals3,Lcp1,Unc93b1,Gpr35,Fcgr3,Ncf2
GO:0002478	antigen processing and presentation of exogenous peptide antigen	4	20	0.00011999999999999999	Fcgr1,Fcer1g,Unc93b1,Fcgr3	Fcgr1,Fcer1g,Unc93b1,Fcgr3
GO:0033003	regulation of mast cell activation	5	49	0.00014	Hmox1,Fgr,Cd300lb,Fcer1g,Cd300lf	Hmox1,Fgr,Cd300lb,Fcer1g,Cd300lf
GO:0042119	neutrophil activation	4	21	0.00014	Tyrobp,Fcgr4,Fcer1g,Myo1f	Tyrobp,Fcgr4,Fcer1g,Myo1f
GO:0065007	biological regulation	72	10168	0.00018999999999999998	Itgb2,Cfp,Spi1,Tbxas1,Hck,Cyp4f18,Irf5,Hmox1,Mmp12,Cybb,Ctss,Ctsz,Stac2,Cxcl16,Ccl6,Ccl9,Vsir,Lgmn,Ctsl,Sdf2l1,Clec4n,Trem2,Abcg1,Slc11a1,Siglec1,Fcgr1,Atp6v0d2,Tnfrsf1b,Fgr,Gpnmb,Tyrobp,Itgax,Il10ra,Plvap,C1qc,C1qb,Tlr13,C3ar1,C1qa,Hk3,Pik3ap1,Pgp,Lcn2,Pltp,Cemip,Clec12a,Sdc3,Cd300lb,Pirb,Fcgr4,Fcer1g,Emr1,Myo1f,AF251705,Il18bp,Csf2rb,Csf2rb2,Sirpa,Ptges,Adam8,Csf3r,Cd300lf,Nfam1,Slamf7,Vwf,Apobec1,Lgals3,Lcp1,Unc93b1,Gpr35,Fcgr3,Ncf2	Itgb2,Cfp,Spi1,Tbxas1,Hck,Cyp4f18,Irf5,Hmox1,Mmp12,Cybb,Ctss,Ctsz,Stac2,Cxcl16,Ccl6,Ccl9,Vsir,Lgmn,Ctsl,Sdf2l1,Clec4n,Trem2,Abcg1,Slc11a1,Siglec1,Fcgr1,Atp6v0d2,Tnfrsf1b,Fgr,Gpnmb,Tyrobp,Itgax,Il10ra,Plvap,C1qc,C1qb,Tlr13,C3ar1,C1qa,Hk3,Pik3ap1,Pgp,Lcn2,Pltp,Cemip,Clec12a,Sdc3,Cd300lb,Pirb,Fcgr4,Fcer1g,Adgre1,Myo1f,Cd300c2,Il18bp,Csf2rb,Csf2rb2,Sirpa,Ptges,Adam8,Csf3r,Cd300lf,Nfam1,Slamf7,Vwf,Apobec1,Lgals3,Lcp1,Unc93b1,Gpr35,Fcgr3,Ncf2
GO:0006935	chemotaxis	11	432	0.00022	Itgb2,Cxcl16,Ccl6,Ccl9,C3ar1,Fcer1g,Adam8,Csf3r,Lgals3,Gpr35,Fcgr3	Itgb2,Cxcl16,Ccl6,Ccl9,C3ar1,Fcer1g,Adam8,Csf3r,Lgals3,Gpr35,Fcgr3
GO:0032101	regulation of response to external stimulus	15	811	0.00022	Mmp12,Ctss,Lgmn,Fcgr1,Tnfrsf1b,Fgr,Tlr13,C3ar1,Pik3ap1,Fcer1g,Myo1f,Adam8,Cd300lf,Unc93b1,Fcgr3	Mmp12,Ctss,Lgmn,Fcgr1,Tnfrsf1b,Fgr,Tlr13,C3ar1,Pik3ap1,Fcer1g,Myo1f,Adam8,Cd300lf,Unc93b1,Fcgr3
GO:0033993	response to lipid	15	825	0.00026000000000000003	Tbxas1,Cybb,Cxcl16,Ctsl,Trem2,Abcg1,Slc11a1,Tnfrsf1b,Il10ra,Lcn2,Cd300lb,Fcgr4,Il18bp,Ptges,Ncf2	Tbxas1,Cybb,Cxcl16,Ctsl,Trem2,Abcg1,Slc11a1,Tnfrsf1b,Il10ra,Lcn2,Cd300lb,Fcgr4,Il18bp,Ptges,Ncf2
GO:0007154	cell communication	38	3984	0.0003	Itgb2,Hck,Irf5,Hmox1,Cybb,Stac2,Ccl6,Ccl9,Vsir,Ctsl,Trem2,Slc11a1,Fcgr1,Tnfrsf1b,Fgr,Gpnmb,Tyrobp,Itgax,Il10ra,Plvap,Tlr13,C3ar1,Pik3ap1,Lcn2,Pirb,Fcgr4,Fcer1g,Emr1,Csf2rb,Csf2rb2,Csf3r,Cd300lf,Nfam1,Lgals3,Lcp1,Unc93b1,Gpr35,Fcgr3	Itgb2,Hck,Irf5,Hmox1,Cybb,Stac2,Ccl6,Ccl9,Vsir,Ctsl,Trem2,Slc11a1,Fcgr1,Tnfrsf1b,Fgr,Gpnmb,Tyrobp,Itgax,Il10ra,Plvap,Tlr13,C3ar1,Pik3ap1,Lcn2,Pirb,Fcgr4,Fcer1g,Adgre1,Csf2rb,Csf2rb2,Csf3r,Cd300lf,Nfam1,Lgals3,Lcp1,Unc93b1,Gpr35,Fcgr3
GO:0040011	locomotion	17	1065	0.00033	Itgb2,Hck,Mmp12,Cxcl16,Ccl6,Ccl9,C3ar1,Pltp,Sdc3,Fcer1g,Sirpa,Adam8,Csf3r,Lgals3,Lcp1,Gpr35,Fcgr3	Itgb2,Hck,Mmp12,Cxcl16,Ccl6,Ccl9,C3ar1,Pltp,Sdc3,Fcer1g,Sirpa,Adam8,Csf3r,Lgals3,Lcp1,Gpr35,Fcgr3
GO:0042590	antigen processing and presentation of exogenous peptide antigen via MHC class I	3	8	0.00035	Fcgr1,Fcer1g,Fcgr3	Fcgr1,Fcer1g,Fcgr3
GO:0002675	positive regulation of acute inflammatory response	4	29	0.00037	Fcgr1,Fcer1g,Adam8,Fcgr3	Fcgr1,Fcer1g,Adam8,Fcgr3
GO:0002757	immune response-activating signal transduction	7	168	0.00044	Tlr13,C3ar1,Pik3ap1,Fcer1g,Cd300lf,Nfam1,Unc93b1	Tlr13,C3ar1,Pik3ap1,Fcer1g,Cd300lf,Nfam1,Unc93b1
GO:0045088	regulation of innate immune response	8	242	0.00056	Mmp12,Fgr,Tlr13,Pik3ap1,Myo1f,Adam8,Cd300lf,Unc93b1	Mmp12,Fgr,Tlr13,Pik3ap1,Myo1f,Adam8,Cd300lf,Unc93b1
GO:0007229	integrin-mediated signaling pathway	5	70	0.00058	Itgb2,Fgr,Tyrobp,Itgax,Fcer1g	Itgb2,Fgr,Tyrobp,Itgax,Fcer1g
GO:0060627	regulation of vesicle-mediated transport	11	492	0.00059	Itgb2,Hck,Hmox1,Slc11a1,Fcgr1,Fgr,Fcer1g,Sirpa,Cd300lf,Lgals3,Fcgr3	Itgb2,Hck,Hmox1,Slc11a1,Fcgr1,Fgr,Fcer1g,Sirpa,Cd300lf,Lgals3,Fcgr3
GO:0034612	response to tumor necrosis factor	7	180	0.00064	Cxcl16,Ccl6,Ccl9,Tnfrsf1b,Plvap,Lcn2,Il18bp	Cxcl16,Ccl6,Ccl9,Tnfrsf1b,Plvap,Lcn2,Il18bp
GO:0071216	cellular response to biotic stimulus	7	180	0.00064	Cxcl16,Trem2,Tnfrsf1b,Lcn2,Cd300lb,Fcgr4,Clec7a	Cxcl16,Trem2,Tnfrsf1b,Lcn2,Cd300lb,Fcgr4,Clec7a
GO:0016192	vesicle-mediated transport	16	1020	0.00066	Itgb2,Hck,Cd5l,Cxcl16,Trem2,Slc11a1,Siglec1,Fcgr1,Lgals3bp,Pld4,Fcer1g,Myo1f,Sirpa,Tnfaip2,Fcgr3,Ncf2	Itgb2,Hck,Cd5l,Cxcl16,Trem2,Slc11a1,Siglec1,Fcgr1,Lgals3bp,Pld4,Fcer1g,Myo1f,Sirpa,Tnfaip2,Fcgr3,Ncf2
GO:0030335	positive regulation of cell migration	11	500	0.00066	Hmox1,Cxcl16,Lgmn,Fgr,Gpnmb,Plvap,C3ar1,Cemip,Myo1f,Adam8,Lgals3	Hmox1,Cxcl16,Lgmn,Fgr,Gpnmb,Plvap,C3ar1,Cemip,Myo1f,Adam8,Lgals3
GO:0002283	neutrophil activation involved in immune response	3	11	0.00067	Tyrobp,Fcer1g,Myo1f	Tyrobp,Fcer1g,Myo1f
GO:0045730	respiratory burst	3	11	0.00067	Cybb,Slc11a1,Ncf2	Cybb,Slc11a1,Ncf2
GO:0048522	positive regulation of cellular process	42	4827	0.0006799999999999999	Itgb2,Spi1,Hck,Irf5,Hmox1,Mmp12,Cybb,Ctsz,Cxcl16,Ccl6,Ccl9,Vsir,Lgmn,Clec4n,Trem2,Slc11a1,Siglec1,Fcgr1,Tnfrsf1b,Fgr,Gpnmb,Plvap,C3ar1,Pik3ap1,Lcn2,Cemip,Cd300lb,Pirb,Fcer1g,Myo1f,AF251705,Sirpa,Adam8,Cd300lf,Nfam1,Apobec1,Lgals3,Lcp1,Unc93b1,Gpr35,Fcgr3,Ncf2	Itgb2,Spi1,Hck,Irf5,Hmox1,Mmp12,Cybb,Ctsz,Cxcl16,Ccl6,Ccl9,Vsir,Lgmn,Clec4n,Trem2,Slc11a1,Siglec1,Fcgr1,Tnfrsf1b,Fgr,Gpnmb,Plvap,C3ar1,Pik3ap1,Lcn2,Cemip,Cd300lb,Pirb,Fcer1g,Myo1f,Cd300c2,Sirpa,Adam8,Cd300lf,Nfam1,Apobec1,Lgals3,Lcp1,Unc93b1,Gpr35,Fcgr3,Ncf2
GO:0002768	immune response-regulating cell surface receptor signaling pathway	6	125	0.00072	Fcgr1,C3ar1,Fcgr4,Fcer1g,Nfam1,Fcgr3	Fcgr1,C3ar1,Fcgr4,Fcer1g,Nfam1,Fcgr3
GO:0002697	regulation of immune effector process	9	335	0.0007599999999999999	Itgb2,Hmox1,Mmp12,Vsir,Fcgr1,Fgr,Fcer1g,Lgals3,Fcgr3	Itgb2,Hmox1,Mmp12,Vsir,Fcgr1,Fgr,Fcer1g,Lgals3,Fcgr3
GO:0002703	regulation of leukocyte mediated immunity	7	189	0.00079	Itgb2,Hmox1,Vsir,Fcgr1,Fgr,Fcer1g,Fcgr3	Itgb2,Hmox1,Vsir,Fcgr1,Fgr,Fcer1g,Fcgr3
GO:0048247	lymphocyte chemotaxis	4	40	0.00099	Cxcl16,Ccl6,Ccl9,Adam8	Cxcl16,Ccl6,Ccl9,Adam8
GO:1901700	response to oxygen-containing compound	19	1429	0.00099	Spi1,Tbxas1,Irf5,Hmox1,Cybb,Cxcl16,Lgmn,Ctsl,Trem2,Slc11a1,Tnfrsf1b,Il10ra,Lcn2,Cd300lb,Fcgr4,Il18bp,Ptges,Apobec1,Ncf2	Spi1,Tbxas1,Irf5,Hmox1,Cybb,Cxcl16,Lgmn,Ctsl,Trem2,Slc11a1,Tnfrsf1b,Il10ra,Lcn2,Cd300lb,Fcgr4,Il18bp,Ptges,Apobec1,Ncf2
GO:0002444	myeloid leukocyte mediated immunity	4	42	0.0011	Fcgr1,Cd300lb,Myo1f,Fcgr3	Fcgr1,Cd300lb,Myo1f,Fcgr3
GO:0006956	complement activation	4	41	0.0011	Cfp,C1qc,C1qb,C1qa	Cfp,C1qc,C1qb,C1qa
GO:0002224	toll-like receptor signaling pathway	4	45	0.0014	Tlr13,Pik3ap1,Cd300lf,Unc93b1	Tlr13,Pik3ap1,Cd300lf,Unc93b1
GO:0006928	movement of cell or subcellular component	17	1223	0.0014	Itgb2,Hck,Mmp12,Cxcl16,Ccl6,Ccl9,Pltp,Sdc3,Fcer1g,Myo1f,Sirpa,Adam8,Csf3r,Lgals3,Lcp1,Gpr35,Fcgr3	Itgb2,Hck,Mmp12,Cxcl16,Ccl6,Ccl9,Pltp,Sdc3,Fcer1g,Myo1f,Sirpa,Adam8,Csf3r,Lgals3,Lcp1,Gpr35,Fcgr3
GO:0002366	leukocyte activation involved in immune response	6	147	0.0015	Slc11a1,Tyrobp,Fcer1g,Myo1f,Clec7a,Lcp1	Slc11a1,Tyrobp,Fcer1g,Myo1f,Clec7a,Lcp1
GO:0009615	response to virus	7	221	0.0018	Irf5,Mmp12,Itgax,Tlr13,Lcn2,Apobec1,Unc93b1	Irf5,Mmp12,Itgax,Tlr13,Lcn2,Apobec1,Unc93b1
GO:0043300	regulation of leukocyte degranulation	4	48	0.0018	Itgb2,Hmox1,Fgr,Fcer1g	Itgb2,Hmox1,Fgr,Fcer1g
GO:0071222	cellular response to lipopolysaccharide	6	152	0.0018	Cxcl16,Trem2,Tnfrsf1b,Lcn2,Cd300lb,Fcgr4	Cxcl16,Trem2,Tnfrsf1b,Lcn2,Cd300lb,Fcgr4
GO:0001788	antibody-dependent cellular cytotoxicity	2	2	0.002	Fcgr1,Fcgr3	Fcgr1,Fcgr3
GO:0006910	phagocytosis, recognition	3	18	0.002	Fcgr1,Sirpa,Fcgr3	Fcgr1,Sirpa,Fcgr3
GO:0045807	positive regulation of endocytosis	6	157	0.002	Slc11a1,Fcgr1,Fcer1g,Sirpa,Cd300lf,Fcgr3	Slc11a1,Fcgr1,Fcer1g,Sirpa,Cd300lf,Fcgr3
GO:0042742	defense response to bacterium	7	229	0.0021	Hck,Slc11a1,Fcgr1,Fgr,Fcer1g,Myo1f,Lyz2	Hck,Slc11a1,Fcgr1,Fgr,Fcer1g,Myo1f,Lyz2
GO:0045089	positive regulation of innate immune response	6	158	0.0021	Mmp12,Tlr13,Pik3ap1,Adam8,Cd300lf,Unc93b1	Mmp12,Tlr13,Pik3ap1,Adam8,Cd300lf,Unc93b1
GO:0030334	regulation of cell migration	13	805	0.0022	Hmox1,Mmp12,Cxcl16,Lgmn,Fgr,Gpnmb,Plvap,C3ar1,Cemip,Sdc3,Myo1f,Adam8,Lgals3	Hmox1,Mmp12,Cxcl16,Lgmn,Fgr,Gpnmb,Plvap,C3ar1,Cemip,Sdc3,Myo1f,Adam8,Lgals3
GO:0071356	cellular response to tumor necrosis factor	6	160	0.0022	Ccl6,Ccl9,Tnfrsf1b,Plvap,Lcn2,Il18bp	Ccl6,Ccl9,Tnfrsf1b,Plvap,Lcn2,Il18bp
GO:0051239	regulation of multicellular organismal process	28	2858	0.0026	Itgb2,Spi1,Tbxas1,Hmox1,Mmp12,Cybb,Ctss,Ctsz,Vsir,Lgmn,Clec4n,Slc11a1,Tnfrsf1b,Fgr,Gpnmb,Tyrobp,C1qc,C3ar1,Fcgr4,Fcer1g,AF251705,Adam8,Csf3r,Nfam1,Lgals3,Unc93b1,Gpr35,Fcgr3	Itgb2,Spi1,Tbxas1,Hmox1,Mmp12,Cybb,Ctss,Ctsz,Vsir,Lgmn,Clec4n,Slc11a1,Tnfrsf1b,Fgr,Gpnmb,Tyrobp,C1qc,C3ar1,Fcgr4,Fcer1g,Cd300c2,Adam8,Csf3r,Nfam1,Lgals3,Unc93b1,Gpr35,Fcgr3
GO:0072376	protein activation cascade	4	55	0.0026	Cfp,C1qc,C1qb,C1qa	Cfp,C1qc,C1qb,C1qa
GO:0042360	vitamin E metabolic process	2	3	0.003	Cyp4f18,Pltp	Cyp4f18,Pltp
GO:0002683	negative regulation of immune system process	9	421	0.0031	Hmox1,Mmp12,Vsir,Gpnmb,C1qc,Pik3ap1,Fcer1g,Cd300lf,Lgals3	Hmox1,Mmp12,Vsir,Gpnmb,C1qc,Pik3ap1,Fcer1g,Cd300lf,Lgals3
GO:0006898	receptor-mediated endocytosis	6	173	0.0031	Itgb2,Cd5l,Cxcl16,Fcgr1,Lgals3bp,Fcer1g	Itgb2,Cd5l,Cxcl16,Fcgr1,Lgals3bp,Fcer1g
GO:0002521	leukocyte differentiation	8	340	0.0037	Spi1,Trem2,Tyrobp,Pirb,Fcer1g,Adam8,Cd300lf,Nfam1	Spi1,Trem2,Tyrobp,Pirb,Fcer1g,Adam8,Cd300lf,Nfam1
GO:0050729	positive regulation of inflammatory response	5	116	0.0039	Ctss,Fcgr1,Fcer1g,Adam8,Fcgr3	Ctss,Fcgr1,Fcer1g,Adam8,Fcgr3
GO:0050794	regulation of cellular process	62	9045	0.004	Itgb2,Spi1,Hck,Irf5,Hmox1,Mmp12,Cybb,Ctsz,Stac2,Cxcl16,Ccl6,Ccl9,Vsir,Lgmn,Ctsl,Sdf2l1,Clec4n,Trem2,Abcg1,Slc11a1,Siglec1,Fcgr1,Tnfrsf1b,Fgr,Gpnmb,Tyrobp,Itgax,Il10ra,Plvap,C1qc,Tlr13,C3ar1,Hk3,Pik3ap1,Pgp,Lcn2,Cemip,Sdc3,Cd300lb,Pirb,Fcgr4,Fcer1g,Emr1,Myo1f,AF251705,Il18bp,Csf2rb,Csf2rb2,Sirpa,Ptges,Adam8,Csf3r,Cd300lf,Nfam1,Slamf7,Apobec1,Lgals3,Lcp1,Unc93b1,Gpr35,Fcgr3,Ncf2	Itgb2,Spi1,Hck,Irf5,Hmox1,Mmp12,Cybb,Ctsz,Stac2,Cxcl16,Ccl6,Ccl9,Vsir,Lgmn,Ctsl,Sdf2l1,Clec4n,Trem2,Abcg1,Slc11a1,Siglec1,Fcgr1,Tnfrsf1b,Fgr,Gpnmb,Tyrobp,Itgax,Il10ra,Plvap,C1qc,Tlr13,C3ar1,Hk3,Pik3ap1,Pgp,Lcn2,Cemip,Sdc3,Cd300lb,Pirb,Fcgr4,Fcer1g,Adgre1,Myo1f,Cd300c2,Il18bp,Csf2rb,Csf2rb2,Sirpa,Ptges,Adam8,Csf3r,Cd300lf,Nfam1,Slamf7,Apobec1,Lgals3,Lcp1,Unc93b1,Gpr35,Fcgr3,Ncf2
GO:0015850	organic hydroxy compound transport	5	118	0.0041	Abcc3,Abcg1,Fcer1g,Rbpr2,Fcgr3	Abcc3,Abcg1,Fcer1g,Stra6l,Fcgr3
GO:0001812	positive regulation of type I hypersensitivity	2	4	0.0042	Fcer1g,Fcgr3	Fcer1g,Fcgr3
GO:0002758	innate immune response-activating signal transduction	4	65	0.0042	Tlr13,Pik3ap1,Cd300lf,Unc93b1	Tlr13,Pik3ap1,Cd300lf,Unc93b1
GO:0032763	regulation of mast cell cytokine production	2	4	0.0042	Hmox1,Fcer1g	Hmox1,Fcer1g
GO:0034154	toll-like receptor 7 signaling pathway	2	4	0.0042	Pik3ap1,Unc93b1	Pik3ap1,Unc93b1
GO:0071402	cellular response to lipoprotein particle stimulus	3	26	0.0044	Itgb2,Abcg1,Fcer1g	Itgb2,Abcg1,Fcer1g
GO:0002699	positive regulation of immune effector process	6	196	0.0053	Itgb2,Hmox1,Fcgr1,Fgr,Fcer1g,Fcgr3	Itgb2,Hmox1,Fcgr1,Fgr,Fcer1g,Fcgr3
GO:0033005	positive regulation of mast cell activation	3	28	0.0053	Fgr,Cd300lb,Fcer1g	Fgr,Cd300lb,Fcer1g
GO:0043302	positive regulation of leukocyte degranulation	3	28	0.0053	Itgb2,Fgr,Fcer1g	Itgb2,Fgr,Fcer1g
GO:0051179	localization	36	4315	0.0053	Itgb2,Hck,Mmp12,Cybb,Cd5l,Cxcl16,Ccl6,Ccl9,Abcc3,Trem2,Abcg1,Slc15a3,Slc11a1,Siglec1,Fcgr1,Atp6v0d2,Lgals3bp,Lcn2,Pltp,Sdc3,Pld4,Fcer1g,Myo1f,Sirpa,Tnfaip2,Adam8,Csf3r,Rbpr2,Apobec1,Lgals3,Lcp1,Unc93b1,Slc37a2,Gpr35,Fcgr3,Ncf2	Itgb2,Hck,Mmp12,Cybb,Cd5l,Cxcl16,Ccl6,Ccl9,Abcc3,Trem2,Abcg1,Slc15a3,Slc11a1,Siglec1,Fcgr1,Atp6v0d2,Lgals3bp,Lcn2,Pltp,Sdc3,Pld4,Fcer1g,Myo1f,Sirpa,Tnfaip2,Adam8,Csf3r,Stra6l,Apobec1,Lgals3,Lcp1,Unc93b1,Slc37a2,Gpr35,Fcgr3,Ncf2
GO:0051047	positive regulation of secretion	9	465	0.0056	Itgb2,Cyp4f18,Mmp12,Clec4n,Fgr,Fcer1g,AF251705,Lgals3,Unc93b1	Itgb2,Cyp4f18,Mmp12,Clec4n,Fgr,Fcer1g,Cd300c2,Lgals3,Unc93b1
GO:0050715	positive regulation of cytokine secretion	5	131	0.006	Mmp12,Clec4n,Fgr,AF251705,Unc93b1	Mmp12,Clec4n,Fgr,Cd300c2,Unc93b1
GO:0002520	immune system development	11	687	0.0064	Spi1,Trem2,Tyrobp,C3ar1,Pld4,Pirb,Fcer1g,Sirpa,Adam8,Cd300lf,Nfam1	Spi1,Trem2,Tyrobp,C3ar1,Pld4,Pirb,Fcer1g,Sirpa,Adam8,Cd300lf,Nfam1
GO:0002548	monocyte chemotaxis	3	31	0.0066	Ccl6,Ccl9,Lgals3	Ccl6,Ccl9,Lgals3
GO:0006958	complement activation, classical pathway	3	31	0.0066	C1qc,C1qb,C1qa	C1qc,C1qb,C1qa
GO:0034162	toll-like receptor 9 signaling pathway	2	6	0.006999999999999999	Pik3ap1,Unc93b1	Pik3ap1,Unc93b1
GO:0038095	Fc-epsilon receptor signaling pathway	2	6	0.006999999999999999	Fcgr4,Fcer1g	Fcgr4,Fcer1g
GO:1903555	regulation of tumor necrosis factor superfamily cytokine production	5	138	0.0072	Cybb,Gpnmb,Fcer1g,Adam8,Fcgr3	Cybb,Gpnmb,Fcer1g,Adam8,Fcgr3
GO:0002687	positive regulation of leukocyte migration	5	143	0.0081	Lgmn,Plvap,C3ar1,Adam8,Lgals3	Lgmn,Plvap,C3ar1,Adam8,Lgals3
GO:0030097	hemopoiesis	10	600	0.0081	Spi1,Trem2,Tyrobp,Pld4,Pirb,Fcer1g,Sirpa,Adam8,Cd300lf,Nfam1	Spi1,Trem2,Tyrobp,Pld4,Pirb,Fcer1g,Sirpa,Adam8,Cd300lf,Nfam1
GO:0043304	regulation of mast cell degranulation	3	34	0.0081	Hmox1,Fgr,Fcer1g	Hmox1,Fgr,Fcer1g
GO:0050727	regulation of inflammatory response	7	301	0.0081	Ctss,Fcgr1,Tnfrsf1b,Pik3ap1,Fcer1g,Adam8,Fcgr3	Ctss,Fcgr1,Tnfrsf1b,Pik3ap1,Fcer1g,Adam8,Fcgr3
GO:0097028	dendritic cell differentiation	3	34	0.0081	Spi1,Trem2,Pirb	Spi1,Trem2,Pirb
GO:0001820	serotonin secretion	2	7	0.0086	Fcer1g,Fcgr3	Fcer1g,Fcgr3
GO:0002822	regulation of adaptive immune response based on somatic recombination of immune receptors built from immunoglobulin superfamily domains	5	146	0.0087	Vsir,Slc11a1,Fcgr1,Fcer1g,Fcgr3	Vsir,Slc11a1,Fcgr1,Fcer1g,Fcgr3
GO:1903557	positive regulation of tumor necrosis factor superfamily cytokine production	4	83	0.0087	Cybb,Fcer1g,Adam8,Fcgr3	Cybb,Fcer1g,Adam8,Fcgr3
GO:0050830	defense response to Gram-positive bacterium	4	86	0.0098	Hck,Fgr,Myo1f,Lyz2	Hck,Fgr,Myo1f,Lyz2
GO:0046677	response to antibiotic	7	317	0.0102	Spi1,Tbxas1,Hmox1,Cybb,Lcn2,Il18bp,Apobec1	Spi1,Tbxas1,Hmox1,Cybb,Lcn2,Il18bp,Apobec1
GO:0006810	transport	28	3187	0.0113	Itgb2,Hck,Mmp12,Cybb,Cd5l,Cxcl16,Abcc3,Trem2,Abcg1,Slc15a3,Slc11a1,Siglec1,Fcgr1,Atp6v0d2,Lgals3bp,Lcn2,Pltp,Pld4,Fcer1g,Myo1f,Sirpa,Tnfaip2,Rbpr2,Apobec1,Unc93b1,Slc37a2,Fcgr3,Ncf2	Itgb2,Hck,Mmp12,Cybb,Cd5l,Cxcl16,Abcc3,Trem2,Abcg1,Slc15a3,Slc11a1,Siglec1,Fcgr1,Atp6v0d2,Lgals3bp,Lcn2,Pltp,Pld4,Fcer1g,Myo1f,Sirpa,Tnfaip2,Stra6l,Apobec1,Unc93b1,Slc37a2,Fcgr3,Ncf2
GO:0001961	positive regulation of cytokine-mediated signaling pathway	3	40	0.0118	Mmp12,Trem2,Cd300lf	Mmp12,Trem2,Cd300lf
GO:0009620	response to fungus	3	40	0.0118	Clec4n,Cotl1,Clec7a	Clec4n,Cotl1,Clec7a
GO:0032623	interleukin-2 production	2	9	0.0123	Slc11a1,Fcer1g	Slc11a1,Fcer1g
GO:0051187	cofactor catabolic process	3	41	0.0124	Cyp4f18,Hmox1,Ncf2	Cyp4f18,Hmox1,Ncf2
GO:0002695	negative regulation of leukocyte activation	5	163	0.0133	Hmox1,Vsir,Gpnmb,Cd300lf,Lgals3	Hmox1,Vsir,Gpnmb,Cd300lf,Lgals3
GO:0051240	positive regulation of multicellular organismal process	18	1695	0.0135	Itgb2,Tbxas1,Hmox1,Mmp12,Cybb,Lgmn,Clec4n,Slc11a1,Fgr,C3ar1,Fcgr4,Fcer1g,AF251705,Adam8,Nfam1,Lgals3,Unc93b1,Fcgr3	Itgb2,Tbxas1,Hmox1,Mmp12,Cybb,Lgmn,Clec4n,Slc11a1,Fgr,C3ar1,Fcgr4,Fcer1g,Cd300c2,Adam8,Nfam1,Lgals3,Unc93b1,Fcgr3
GO:1903532	positive regulation of secretion by cell	8	436	0.0138	Itgb2,Mmp12,Clec4n,Fgr,Fcer1g,AF251705,Lgals3,Unc93b1	Itgb2,Mmp12,Clec4n,Fgr,Fcer1g,Cd300c2,Lgals3,Unc93b1
GO:0070232	regulation of T cell apoptotic process	3	43	0.0139	Siglec1,Adam8,Lgals3	Siglec1,Adam8,Lgals3
GO:0045766	positive regulation of angiogenesis	5	168	0.0145	Itgb2,Hmox1,Cybb,C3ar1,Lgals3	Itgb2,Hmox1,Cybb,C3ar1,Lgals3
GO:0080134	regulation of response to stress	14	1167	0.0154	Mmp12,Ctss,Fcgr1,Tnfrsf1b,Fgr,Tlr13,Hk3,Pik3ap1,Fcer1g,Myo1f,Adam8,Cd300lf,Unc93b1,Fcgr3	Mmp12,Ctss,Fcgr1,Tnfrsf1b,Fgr,Tlr13,Hk3,Pik3ap1,Fcer1g,Myo1f,Adam8,Cd300lf,Unc93b1,Fcgr3
GO:2000106	regulation of leukocyte apoptotic process	4	100	0.0154	Siglec1,Fcer1g,Adam8,Lgals3	Siglec1,Fcer1g,Adam8,Lgals3
GO:0051046	regulation of secretion	11	789	0.0158	Itgb2,Cyp4f18,Hmox1,Mmp12,Clec4n,Tnfrsf1b,Fgr,Fcer1g,AF251705,Lgals3,Unc93b1	Itgb2,Cyp4f18,Hmox1,Mmp12,Clec4n,Tnfrsf1b,Fgr,Fcer1g,Cd300c2,Lgals3,Unc93b1
GO:0002824	positive regulation of adaptive immune response based on somatic recombination of immune receptors built from immunoglobulin superfamily domains	4	102	0.0161	Slc11a1,Fcgr1,Fcer1g,Fcgr3	Slc11a1,Fcgr1,Fcer1g,Fcgr3
GO:0034375	high-density lipoprotein particle remodeling	2	11	0.0161	Abcg1,Pltp	Abcg1,Pltp
GO:0042554	superoxide anion generation	2	11	0.0161	Cybb,Ncf2	Cybb,Ncf2
GO:0019886	antigen processing and presentation of exogenous peptide antigen via MHC class II	2	12	0.0184	Fcer1g,Unc93b1	Fcer1g,Unc93b1
GO:0033004	negative regulation of mast cell activation	2	12	0.0184	Hmox1,Cd300lf	Hmox1,Cd300lf
GO:0071675	regulation of mononuclear cell migration	3	49	0.0184	Lgmn,C3ar1,Lgals3	Lgmn,C3ar1,Lgals3
GO:0002579	positive regulation of antigen processing and presentation	2	13	0.0206	Trem2,Slc11a1	Trem2,Slc11a1
GO:0042535	positive regulation of tumor necrosis factor biosynthetic process	2	13	0.0206	Cybb,Fcgr3	Cybb,Fcgr3
GO:0007155	cell adhesion	10	705	0.0211	Itgb2,Siglec1,Gpnmb,Itgax,Lgals3bp,Sdc3,Sirpa,Adam8,Csf3r,Vwf	Itgb2,Siglec1,Gpnmb,Itgax,Lgals3bp,Sdc3,Sirpa,Adam8,Csf3r,Vwf
GO:0097237	cellular response to toxic substance	5	190	0.0223	Spi1,Hmox1,Cybb,Lcn2,Il18bp	Spi1,Hmox1,Cybb,Lcn2,Il18bp
GO:0009109	coenzyme catabolic process	2	14	0.0226	Cyp4f18,Ncf2	Cyp4f18,Ncf2
GO:0010875	positive regulation of cholesterol efflux	2	14	0.0226	Abcg1,Pltp	Abcg1,Pltp
GO:0032494	response to peptidoglycan	2	14	0.0226	Irf5,Trem2	Irf5,Trem2
GO:0048246	macrophage chemotaxis	2	14	0.0226	Lgals3,Gpr35	Lgals3,Gpr35
GO:1903038	negative regulation of leukocyte cell-cell adhesion	4	116	0.0228	Vsir,Gpnmb,Adam8,Lgals3	Vsir,Gpnmb,Adam8,Lgals3
GO:0006879	cellular iron ion homeostasis	3	56	0.024	Hmox1,Slc11a1,Lcn2	Hmox1,Slc11a1,Lcn2
GO:0034341	response to interferon-gamma	4	119	0.0245	Cxcl16,Ccl6,Ccl9,Slc11a1	Cxcl16,Ccl6,Ccl9,Slc11a1
GO:0051044	positive regulation of membrane protein ectodomain proteolysis	2	15	0.0245	Tnfrsf1b,Adam8	Tnfrsf1b,Adam8
GO:0070234	positive regulation of T cell apoptotic process	2	15	0.0245	Siglec1,Adam8	Siglec1,Adam8
GO:0045637	regulation of myeloid cell differentiation	5	199	0.0252	Spi1,Tyrobp,C1qc,Adam8,Csf3r	Spi1,Tyrobp,C1qc,Adam8,Csf3r
GO:1903530	regulation of secretion by cell	10	733	0.0256	Itgb2,Hmox1,Mmp12,Clec4n,Tnfrsf1b,Fgr,Fcer1g,AF251705,Lgals3,Unc93b1	Itgb2,Hmox1,Mmp12,Clec4n,Tnfrsf1b,Fgr,Fcer1g,Cd300c2,Lgals3,Unc93b1
GO:0002523	leukocyte migration involved in inflammatory response	2	16	0.0268	Itgb2,Adam8	Itgb2,Adam8
GO:0043902	positive regulation of multi-organism process	6	294	0.0268	Mmp12,Tlr13,Pik3ap1,Adam8,Cd300lf,Unc93b1	Mmp12,Tlr13,Pik3ap1,Adam8,Cd300lf,Unc93b1
GO:0010035	response to inorganic substance	8	505	0.0272	Hmox1,Cybb,Lgmn,C1qa,Lcn2,Il18bp,Ptges,Apobec1	Hmox1,Cybb,Lgmn,C1qa,Lcn2,Il18bp,Ptges,Apobec1
GO:0071236	cellular response to antibiotic	4	124	0.0272	Spi1,Cybb,Lcn2,Il18bp	Spi1,Cybb,Lcn2,Il18bp
GO:0002286	T cell activation involved in immune response	3	60	0.0276	Slc11a1,Fcer1g,Lcp1	Slc11a1,Fcer1g,Lcp1
GO:1901701	cellular response to oxygen-containing compound	11	870	0.0277	Spi1,Cybb,Cxcl16,Lgmn,Trem2,Tnfrsf1b,Lcn2,Cd300lb,Fcgr4,Il18bp,Apobec1	Spi1,Cybb,Cxcl16,Lgmn,Trem2,Tnfrsf1b,Lcn2,Cd300lb,Fcgr4,Il18bp,Apobec1
GO:1901575	organic substance catabolic process	14	1276	0.0284	Cyp4f18,Hmox1,Ctss,Ctsz,Lgmn,Ctsl,Sdf2l1,Hk3,Cemip,Pld4,Lyz2,Apobec1,Pld3,Ncf2	Cyp4f18,Hmox1,Ctss,Ctsz,Lgmn,Ctsl,Sdf2l1,Hk3,Cemip,Pld4,Lyz2,Apobec1,Pld3,Ncf2
GO:0001516	prostaglandin biosynthetic process	2	17	0.0289	Tbxas1,Ptges	Tbxas1,Ptges
GO:0071361	cellular response to ethanol	2	17	0.0289	Spi1,Cybb	Spi1,Cybb
GO:0032370	positive regulation of lipid transport	3	63	0.0305	Cyp4f18,Abcg1,Pltp	Cyp4f18,Abcg1,Pltp
GO:0007035	vacuolar acidification	2	18	0.0314	Slc11a1,Atp6v0d2	Slc11a1,Atp6v0d2
GO:0071801	regulation of podosome assembly	2	18	0.0314	Hck,Lcp1	Hck,Lcp1
GO:0043062	extracellular structure organization	5	214	0.0318	Ctss,Abcg1,Pltp,Lgals3,Lcp1	Ctss,Abcg1,Pltp,Lgals3,Lcp1
GO:0045471	response to ethanol	4	132	0.0322	Spi1,Tbxas1,Cybb,Apobec1	Spi1,Tbxas1,Cybb,Apobec1
GO:0002446	neutrophil mediated immunity	2	19	0.0341	Cd300lb,Myo1f	Cd300lb,Myo1f
GO:0071404	cellular response to low-density lipoprotein particle stimulus	2	19	0.0341	Itgb2,Fcer1g	Itgb2,Fcer1g
GO:0032680	regulation of tumor necrosis factor production	4	136	0.0351	Cybb,Gpnmb,Fcer1g,Fcgr3	Cybb,Gpnmb,Fcer1g,Fcgr3
GO:0070098	chemokine-mediated signaling pathway	3	67	0.0351	Ccl6,Ccl9,Gpr35	Ccl6,Ccl9,Gpr35
GO:0002706	regulation of lymphocyte mediated immunity	4	138	0.0367	Vsir,Fcgr1,Fcer1g,Fcgr3	Vsir,Fcgr1,Fcer1g,Fcgr3
GO:0002718	regulation of cytokine production involved in immune response	3	69	0.0367	Hmox1,Vsir,Fcer1g	Hmox1,Vsir,Fcer1g
GO:0009987	cellular process	74	12459	0.0367	Itgb2,Spi1,Tbxas1,Hck,Cyp4f18,Irf5,Hmox1,Mmp12,Cybb,Ctss,Cd5l,Ctsz,Stac2,Cxcl16,Ccl6,Ccl9,Vsir,Lgmn,Ctsl,Sdf2l1,Trem2,Abcg1,Slc11a1,Fcgr1,Atp6v0d2,Tnfrsf1b,Fgr,Gpnmb,Tyrobp,Itgax,Il10ra,Plvap,Tlr13,C3ar1,Hk3,Pik3ap1,Pgp,Lcn2,Pltp,Cemip,Sdc3,Pld4,Cd300lb,Lrmda,Pirb,Fcgr4,Fcer1g,Emr1,Myo1f,Lyz2,Il18bp,Csf2rb,Csf2rb2,Snrpn,Sirpa,Tnfaip2,Ptges,Adam8,Csf3r,Cd300lf,Cd68,B4galt5,Nfam1,Clec7a,Vwf,Apobec1,Lgals3,Lcp1,Laptm5,Unc93b1,Slc37a2,Gpr35,Fcgr3,Ncf2	Itgb2,Spi1,Tbxas1,Hck,Cyp4f18,Irf5,Hmox1,Mmp12,Cybb,Ctss,Cd5l,Ctsz,Stac2,Cxcl16,Ccl6,Ccl9,Vsir,Lgmn,Ctsl,Sdf2l1,Trem2,Abcg1,Slc11a1,Fcgr1,Atp6v0d2,Tnfrsf1b,Fgr,Gpnmb,Tyrobp,Itgax,Il10ra,Plvap,Tlr13,C3ar1,Hk3,Pik3ap1,Pgp,Lcn2,Pltp,Cemip,Sdc3,Pld4,Cd300lb,1700112E06Rik,Pirb,Fcgr4,Fcer1g,Adgre1,Myo1f,Lyz2,Il18bp,Csf2rb,Csf2rb2,Snurf,Sirpa,Tnfaip2,Ptges,Adam8,Csf3r,Cd300lf,Cd68,B4galt5,Nfam1,Clec7a,Vwf,Apobec1,Lgals3,Lcp1,Laptm5,Unc93b1,Slc37a2,Gpr35,Fcgr3,Ncf2
GO:0043011	myeloid dendritic cell differentiation	2	20	0.0367	Spi1,Pirb	Spi1,Pirb
GO:0043306	positive regulation of mast cell degranulation	2	20	0.0367	Fgr,Fcer1g	Fgr,Fcer1g
GO:0043900	regulation of multi-organism process	8	539	0.0367	Mmp12,Fgr,Tlr13,Pik3ap1,Myo1f,Adam8,Cd300lf,Unc93b1	Mmp12,Fgr,Tlr13,Pik3ap1,Myo1f,Adam8,Cd300lf,Unc93b1
GO:0055082	cellular chemical homeostasis	9	663	0.0371	Tbxas1,Hmox1,Slc11a1,Atp6v0d2,C3ar1,Hk3,Lcn2,Cemip,Gpr35	Tbxas1,Hmox1,Slc11a1,Atp6v0d2,C3ar1,Hk3,Lcn2,Cemip,Gpr35
GO:0002693	positive regulation of cellular extravasation	2	21	0.0383	Plvap,Adam8	Plvap,Adam8
GO:0042493	response to drug	11	926	0.039	Spi1,Tbxas1,Irf5,Hmox1,Cybb,Abcc3,Slc11a1,Lcn2,Il18bp,Rbpr2,Apobec1	Spi1,Tbxas1,Irf5,Hmox1,Cybb,Abcc3,Slc11a1,Lcn2,Il18bp,Stra6l,Apobec1
GO:0050777	negative regulation of immune response	4	143	0.0392	Hmox1,Mmp12,Vsir,Lgals3	Hmox1,Mmp12,Vsir,Lgals3
GO:0010447	response to acidic pH	2	23	0.0436	Ctss,Lgmn	Ctss,Lgmn
GO:0031589	cell-substrate adhesion	4	149	0.0438	Itgb2,Sirpa,Adam8,Vwf	Itgb2,Sirpa,Adam8,Vwf
GO:0002526	acute inflammatory response	3	76	0.0445	Fcgr1,Ptges,Fcgr3	Fcgr1,Ptges,Fcgr3
GO:0006873	cellular ion homeostasis	8	569	0.0462	Tbxas1,Hmox1,Slc11a1,Atp6v0d2,C3ar1,Lcn2,Cemip,Gpr35	Tbxas1,Hmox1,Slc11a1,Atp6v0d2,C3ar1,Lcn2,Cemip,Gpr35
GO:0002719	negative regulation of cytokine production involved in immune response	2	24	0.0464	Hmox1,Vsir	Hmox1,Vsir
GO:0051607	defense response to virus	4	152	0.0464	Irf5,Itgax,Apobec1,Unc93b1	Irf5,Itgax,Apobec1,Unc93b1
GO:0010038	response to metal ion	6	344	0.0469	Hmox1,Cybb,Lgmn,C1qa,Ptges,Apobec1	Hmox1,Cybb,Lgmn,C1qa,Ptges,Apobec1
GO:0045576	mast cell activation	2	25	0.0493	Fcer1g,Fcgr3	Fcer1g,Fcgr3
GO:0050832	defense response to fungus	2	25	0.0493	Clec4n,Cotl1	Clec4n,Cotl1
GO:0071276	cellular response to cadmium ion	2	25	0.0493	Hmox1,Cybb	Hmox1,Cybb
GO:1901214	regulation of neuron death	6	348	0.0493	Hmox1,Ctsz,Lgmn,Gpnmb,Adam8,Ncf2	Hmox1,Ctsz,Lgmn,Gpnmb,Adam8,Ncf2
GO:0033559	unsaturated fatty acid metabolic process	3	80	0.0495	Tbxas1,Cyp4f18,Ptges	Tbxas1,Cyp4f18,Ptges
